Workbook

Sheet REKAPITULASI
A1: REKAPITULASI POTENSI KARBON & HHBK [SKENARIO PESIMISTIS] — YAYASAN ANTANGPATAHU MAHAGA LEWU
A2: ⚠️ SKENARIO PESIMISTIS: Kedalaman gambut 2,5m | AGB mineral 160 tC/ha (hutan sekunder) | AGB PSF 100 tC/ha (degraded) | ER gambut 22 tCO₂e/ha/thn | ER mineral 7 tCO₂e/ha/thn | Buffer 25% | Leakage 15% | Net factor 60% | Harga: USD 5 / 10 / 18 per tCO₂e
A4: A. REKAPITULASI LUAS AREAL PERHUTANAN SOSIAL
A5: Kabupaten | B5: Jml Unit PS | C5: Luas Gambut (ha) | D5: Luas Mineral (ha) | E5: Total Luas (ha) | F5: % Gambut | G5: % Mineral | H5: Skema Dominan
A6: Gunung Mas | B6: 35 | C6: =SUMIF(Karbon_Gunung_Mas!F6:F40,"Gambut",Karbon_Gunung_Mas!E6:E40) -> 0 | D6: =SUMIF(Karbon_Gunung_Mas!F6:F40,"Mineral",Karbon_Gunung_Mas!E6:E40) -> 72800.99 | E6: =C6+D6 -> 72800.99 | F6: =IF(E6=0,0,C6/E6) -> 0 | G6: =IF(E6=0,0,D6/E6) -> 1 | H6: HA
A7: Katingan | B7: 15 | C7: =SUMIF(Karbon_Katingan!F6:F20,"Gambut",Karbon_Katingan!E6:E20) -> 29239 | D7: =SUMIF(Karbon_Katingan!F6:F20,"Mineral",Karbon_Katingan!E6:E20) -> 0 | E7: =C7+D7 -> 29239 | F7: =IF(E7=0,0,C7/E7) -> 1 | G7: =IF(E7=0,0,D7/E7) -> 0 | H7: LPHD
A8: Kapuas | B8: 25 | C8: =SUMIF(Karbon_Kapuas!F6:F30,"Gambut",Karbon_Kapuas!E6:E30) -> 45388 | D8: =SUMIF(Karbon_Kapuas!F6:F30,"Mineral",Karbon_Kapuas!E6:E30) -> 11383 | E8: =C8+D8 -> 56771 | F8: =IF(E8=0,0,C8/E8) -> 0.7994927 | G8: =IF(E8=0,0,D8/E8) -> 0.2005073 | H8: LPHD
A9: Pulang Pisau | B9: 16 | C9: =SUMIF(Karbon_Pulang_Pisau!F6:F21,"Gambut",Karbon_Pulang_Pisau!E6:E21) -> 24721 | D9: =SUMIF(Karbon_Pulang_Pisau!F6:F21,"Mineral",Karbon_Pulang_Pisau!E6:E21) -> 0 | E9: =C9+D9 -> 24721 | F9: =IF(E9=0,0,C9/E9) -> 1 | G9: =IF(E9=0,0,D9/E9) -> 0 | H9: LPHD
A10: GRAND TOTAL | B10: =SUM(B6:B9) -> 91 | C10: =SUM(C6:C9) -> 99348 | D10: =SUM(D6:D9) -> 84183.99 | E10: =SUM(E6:E9) -> 183531.99 | F10: =IF(E10=0,0,C10/E10) -> 0.54131163 | G10: =IF(E10=0,0,D10/E10) -> 0.45868837
A12: B. REKAPITULASI CADANGAN KARBON & POTENSI KREDIT KARBON (tCO₂e)
A13: Kabupaten | B13: Total Luas (ha) | C13: Total Stok Karbon (tCO₂e) | D13: Stok/ha (tCO₂e/ha) | E13: Gross ER 30 thn (tCO₂e) | F13: Net Kredit Karbon (tCO₂e) | G13: Nilai Rendah (USD juta) | H13: Nilai Menengah (USD juta) | I13: Nilai Tinggi (USD juta) | J13: Kredit/ha (tCO₂e) | K13: Kredit/ha/thn (tCO₂e) | L13: Prioritas Investasi
A14: Gunung Mas | B14: =Karbon_Gunung_Mas!E41 -> 72800.99 | C14: =Karbon_Gunung_Mas!J41 -> 70529599 | D14: =IF(B14=0,0,ROUND(C14/B14,0)) -> 969 | E14: =Karbon_Gunung_Mas!L41 -> 15288208 | F14: =Karbon_Gunung_Mas!M41 -> 9172924.7 | G14: =ROUND(F14*5/1000000,2) -> 45.86 | H14: =ROUND(F14*10/1000000,2) -> 91.73 | I14: =ROUND(F14*18/1000000,2) -> 165.11 | J14: =IF(B14=0,0,ROUND(F14/B14,0)) -> 126 | K14: =ROUND(J14/30,2) -> 4.2 | L14: ⭐⭐ MENENGAH
A15: Katingan | B15: =Karbon_Katingan!E21 -> 29239 | C15: =Karbon_Katingan!J21 -> 30662939 | D15: =IF(B15=0,0,ROUND(C15/B15,0)) -> 1049 | E15: =Karbon_Katingan!L21 -> 19297740 | F15: =Karbon_Katingan!M21 -> 11578644 | G15: =ROUND(F15*5/1000000,2) -> 57.89 | H15: =ROUND(F15*10/1000000,2) -> 115.79 | I15: =ROUND(F15*18/1000000,2) -> 208.42 | J15: =IF(B15=0,0,ROUND(F15/B15,0)) -> 396 | K15: =ROUND(J15/30,2) -> 13.2 | L15: ⭐⭐ MENENGAH
A16: Kapuas | B16: =Karbon_Kapuas!E31 -> 56771 | C16: =Karbon_Kapuas!J31 -> 58626246 | D16: =IF(B16=0,0,ROUND(C16/B16,0)) -> 1033 | E16: =Karbon_Kapuas!L31 -> 32346510 | F16: =Karbon_Kapuas!M31 -> 19407906 | G16: =ROUND(F16*5/1000000,2) -> 97.04 | H16: =ROUND(F16*10/1000000,2) -> 194.08 | I16: =ROUND(F16*18/1000000,2) -> 349.34 | J16: =IF(B16=0,0,ROUND(F16/B16,0)) -> 342 | K16: =ROUND(J16/30,2) -> 11.4 | L16: ⭐⭐ MENENGAH
A17: Pulang Pisau | B17: =Karbon_Pulang_Pisau!E22 -> 24721 | C17: =Karbon_Pulang_Pisau!J22 -> 25924913 | D17: =IF(B17=0,0,ROUND(C17/B17,0)) -> 1049 | E17: =Karbon_Pulang_Pisau!L22 -> 16315860 | F17: =Karbon_Pulang_Pisau!M22 -> 9789516 | G17: =ROUND(F17*5/1000000,2) -> 48.95 | H17: =ROUND(F17*10/1000000,2) -> 97.9 | I17: =ROUND(F17*18/1000000,2) -> 176.21 | J17: =IF(B17=0,0,ROUND(F17/B17,0)) -> 396 | K17: =ROUND(J17/30,2) -> 13.2 | L17: ⭐⭐ MENENGAH
A18: GRAND TOTAL | B18: =SUM(B14:B17) -> 183531.99 | C18: =SUM(C14:C17) -> 1.857437e+08 | D18: =IF(B18=0,0,ROUND(C18/B18,0)) -> 1012 | E18: =SUM(E14:E17) -> 83248318 | F18: =SUM(F14:F17) -> 49948991 | G18: =ROUND(F18*5/1000000,2) -> 249.74 | H18: =ROUND(F18*10/1000000,2) -> 499.49 | I18: =ROUND(F18*18/1000000,2) -> 899.08 | J18: =IF(B18=0,0,ROUND(F18/B18,0)) -> 272 | K18: =ROUND(J18/30,2) -> 9.07 | L18: 4 Kabupaten
A20: C. PROYEKSI PENDAPATAN KREDIT KARBON — SKENARIO HARGA (30 TAHUN)
A21: Skenario | B21: Harga (USD/tCO₂e) | C21: Total Net Kredit (tCO₂e) | D21: Total Nilai (USD juta) | E21: Nilai Kurs Rp 16.000 (Rp Miliar) | F21: Nilai/ha (USD) | G21: Pendapatan /thn (USD juta) | H21: Asumsi Kurs | I21: Catatan
A22: Rendah | B22: 5 | C22: =F18 -> 49948991 | D22: =ROUND(C22*B22/1000000,2) -> 249.74 | E22: =ROUND(D22*16,1) -> 3995.8 | F22: =ROUND(C22*B22/B18,2) -> 1360.77 | G22: =ROUND(D22/30,2) -> 8.32 | H22: Rp 16,000 | I22: Floor absolut VCM; proyek baru tanpa track record; buyer spot market
A23: Menengah | B23: 10 | C23: =F18 -> 49948991 | D23: =ROUND(C23*B23/1000000,2) -> 499.49 | E23: =ROUND(D23*16,1) -> 7991.8 | F23: =ROUND(C23*B23/B18,2) -> 2721.54 | G23: =ROUND(D23/30,2) -> 16.65 | H23: Rp 16,000 | I23: Harga realistis VCM 2024 untuk proyek REDD+ baru di Indonesia
A24: Tinggi | B24: 18 | C24: =F18 -> 49948991 | D24: =ROUND(C24*B24/1000000,2) -> 899.08 | E24: =ROUND(D24*16,1) -> 14385.3 | F24: =ROUND(C24*B24/B18,2) -> 4898.77 | G24: =ROUND(D24/30,2) -> 29.97 | H24: Rp 16,000 | I24: Premium moderat CCB/biodiversity; memerlukan sertifikasi tambahan
A27: D. RINGKASAN METODOLOGI (ACUAN PT. RMU / KATINGAN MENTAYA PROJECT)
A28: 1. Alasan Skenario Pesimistis | B28: Unit PS Yayasan mayoritas adalah hutan sekunder/terdegradasi ringan, bukan primary forest. Area gambut umumnya di tepi daerah tangkapan, bukan kubah dalam. Tekanan deforestasi tinggi di sekitar unit. Semua parameter dipilih dari lower bound rentang ilmiah yang berlaku.
A29: 2. Stok Karbon Biomassa | B29: AGB hutan mineral: 160.0 tC/ha (hutan sekunder/produksi terdegradasi ringan, IPCC lower bound). AGB PSF: 100.0 tC/ha (logged-over PSF; Leng et al. 2019 lower range). Dead wood lebih rendah karena degradasi.
A30: 3. Stok Karbon Gambut | B30: Kedalaman gambut 2.5m (pesimistis: area tepi, bukan kubah) × BD 0.096 g/cm³ × CF 0.55 = 132.0 tC/ha = 484.0 tCO₂e/ha. Kedalaman 2,5m vs 4m RMU aktual Katingan inti.
A31: 4. Emission Reduction Gambut | B31: Net ER 22.0 tCO₂e/ha/thn. Dasar: avoided drainage ~55 tCO₂e + avoided fire ~8 tCO₂e dikurangi baseline uncertainty (-25%), additionality deduction (-10%), dan permanence risk. RMU sensitivity analysis floor ~20 tCO₂e/ha/thn untuk area marginal.
A32: 5. Emission Reduction Mineral | B32: Net ER 7.0 tCO₂e/ha/thn. Hutan sekunder dengan baseline deforestasi lebih rendah dari primary forest. Additionality lebih sulit dibuktikan untuk area terdegradasi.
A33: 6. Buffer Pool — 25% | B33: 25% dari gross ER masuk buffer pool. Lebih tinggi dari RMU aktual (20-24%) karena unit PS baru belum terbukti track record monitoring, risiko kebakaran, dan governance lebih tinggi.
A34: 7. Leakage — 15% | B34: 15% activity-shifting leakage. Tekanan deforestasi tinggi di Kalimantan Tengah: jika satu area dilindungi, deforestasi bisa bergeser ke area tetangga. VCS VM0007 memperbolehkan 10-20%.
A35: 8. Net Credit Factor | B35: Net = 1 - 25% - 15% = 60%. Artinya hanya 60% dari gross ER yang dapat dijual di pasar.
A36: 9. Harga Karbon Pesimistis | B36: USD 5/tCO₂e (floor spot VCM), USD 10 (mid realistis 2024), USD 18 (premium CCB). Ecosystem Marketplace 2024: rata-rata REDD+ Indonesia USD 7-12. Premium biodiversity USD 15-25 hanya untuk proyek tersertifikasi CCB Gold + VCS.
A37: 10. Catatan Penting | B37: Estimasi ini adalah lower bound yang konservatif. Nilai aktual bisa lebih tinggi jika: (a) survei lapang mengkonfirmasi kedalaman gambut >3m, (b) tutupan kanopi >70% diverifikasi, (c) unit mendapat sertifikasi CCB. Diperlukan studi FS karbon sebelum negosiasi dengan buyer.
A39: E. REKAPITULASI POTENSI HASIL HUTAN BUKAN KAYU (HHBK)
A40: Kabupaten | B40: Jml Unit PS | C40: Total Luas (ha) | D40: HHBK Dominan | E40: Nilai Estimasi (Rp/thn) | F40: Nilai (Rp Miliar/thn) | G40: Nilai/ha (Rp/thn) | H40: Nilai/thn (Rp Miliar) | I40: Catatan
A41: Gunung Mas | B41: 35 | C41: =SUMIF(HHBK_Potensi!B6:B96,"Gunung Mas",HHBK_Potensi!E6:E96) -> 72800.99 | D41: Rotan, Gaharu, Madu, Jernang, Tengkawang | E41: =SUMIF(HHBK_Potensi!B6:B96,"Gunung Mas",HHBK_Potensi!O6:O96) -> 345440472000 | F41: =ROUND(E41/1000000000,2) -> 345.44 | G41: =IF(C41=0,0,ROUND(E41/C41,0)) -> 4744997 | H41: =F41 -> 345.44 | I41: Estimasi konservatif 70% potensi teoritis. Sumber: Dirjen PHPL 2019; Balitbang KLHK.
A42: Katingan | B42: 15 | C42: =SUMIF(HHBK_Potensi!B6:B96,"Katingan",HHBK_Potensi!E6:E96) -> 29239 | D42: Purun Tikus, Jelutung, Ikan Rawa | E42: =SUMIF(HHBK_Potensi!B6:B96,"Katingan",HHBK_Potensi!O6:O96) -> 134967224000 | F42: =ROUND(E42/1000000000,2) -> 134.97 | G42: =IF(C42=0,0,ROUND(E42/C42,0)) -> 4616000 | H42: =F42 -> 134.97 | I42: Estimasi konservatif 70% potensi teoritis. Sumber: Dirjen PHPL 2019; Balitbang KLHK.
A43: Kapuas | B43: 25 | C43: =SUMIF(HHBK_Potensi!B6:B96,"Kapuas",HHBK_Potensi!E6:E96) -> 56771 | D43: Purun, Jelutung, Ikan; Rotan, Gaharu (mineral) | E43: =SUMIF(HHBK_Potensi!B6:B96,"Kapuas",HHBK_Potensi!O6:O96) -> 263523343000 | F43: =ROUND(E43/1000000000,2) -> 263.52 | G43: =IF(C43=0,0,ROUND(E43/C43,0)) -> 4641865 | H43: =F43 -> 263.52 | I43: Estimasi konservatif 70% potensi teoritis. Sumber: Dirjen PHPL 2019; Balitbang KLHK.
A44: Pulang Pisau | B44: 16 | C44: =SUMIF(HHBK_Potensi!B6:B96,"Pulang Pisau",HHBK_Potensi!E6:E96) -> 24721 | D44: Purun Tikus, Jelutung, Ikan Rawa | E44: =SUMIF(HHBK_Potensi!B6:B96,"Pulang Pisau",HHBK_Potensi!O6:O96) -> 114112136000 | F44: =ROUND(E44/1000000000,2) -> 114.11 | G44: =IF(C44=0,0,ROUND(E44/C44,0)) -> 4616000 | H44: =F44 -> 114.11 | I44: Estimasi konservatif 70% potensi teoritis. Sumber: Dirjen PHPL 2019; Balitbang KLHK.
A45: GRAND TOTAL | B45: 91 | C45: =SUM(C41:C44) -> 183531.99 | D45: Rotan, Gaharu, Madu, Jernang, Purun, Jelutung, Ikan, Tengkawang | E45: =SUM(E41:E44) -> 858043175000 | F45: =ROUND(E45/1000000000,2) -> 858.04 | G45: =IF(C45=0,0,ROUND(E45/C45,0)) -> 4675170 | H45: =F45 -> 858.04 | I45: 4 Kabupaten — 91 Unit PS

Sheet Asumsi & Parameter
A1: PARAMETER & ASUMSI METODOLOGI KARBON [SKENARIO PESIMISTIS] — YAYASAN ANTANGPATAHU MAHAGA LEWU
A2: Mengacu: Katingan Mentaya Project VCS PDD v5.0 (PT. RMU) | IPCC 2006 GL & Wetlands Supplement 2014 | Warren et al. 2017 | Murdiyarso et al. 2015 | Page et al. 2011
A5: PARAMETER | B5: NILAI | C5: SATUAN | D5: KETERANGAN | E5: SUMBER | F5: NILAI MIN (lebih pesimistis) | G5: NILAI MAKS (optimistis)
A6: ── HUTAN LAHAN MINERAL ──
A7: AGB Biomassa Mineral (hutan sekunder/produksi) | B7: 160 | C7: tC/ha | D7: Hutan sekunder/produksi terdegradasi ringan. Bukan primary forest. IPCC lower bound Indonesia. | E7: IPCC 2006 Tier 1 lower; Samalca 2007; Langner et al. 2012 | F7: 120 | G7: 220
A8: Root-to-Shoot Ratio (Mineral) | B8: 0.26 | C8: ratio | D8: Tetap IPCC 2006 standard | E8: IPCC 2006 T 4.4 | F8: 0.2 | G8: 0.37
A9: Dead Wood Fraction (Mineral) | B9: 0.08 | C9: fraksi AGB | D9: Lebih rendah krn degradasi logging mengurangi standing dead wood | E9: IPCC 2006; CIFOR Kalimantan | F9: 0.05 | G9: 0.15
A10: Litter Fraction (Mineral) | B10: 0.03 | C10: fraksi AGB | D10: Sedikit lebih rendah dari primary forest | E10: IPCC 2006 | F10: 0.02 | G10: 0.06
A11: SOC 0-30cm (Mineral) | B11: 45 | C11: tC/ha | D11: SOC lebih rendah, sebagian terganggu oleh kegiatan logging historis | E11: IPCC 2006; BRG 2016 monitoring data | F11: 35 | G11: 75
A12: Total C Stock Mineral | B12: 264.2 | C12: tC/ha | D12: AGB+BGB+DW+Litter+SOC (pesimistis) | E12: Kalkulasi composite
A13: Total CO₂e Stock Mineral | B13: 968.8 | C13: tCO₂e/ha | D13: ×3.667 | E13: IPCC conversion
A14: Emission Reduction Mineral (avoided deforestation) | B14: 7 | C14: tCO₂e/ha/thn | D14: Hutan sekunder: baseline deforestasi lebih rendah, additionality lebih sulit. Lower bound REDD+. | E14: RMU sensitivity; Griscom et al. 2017 pessimistic NCS | F14: 4 | G14: 15
A15: Sequestration Mineral Forest | B15: 2 | C15: tCO₂e/ha/thn | D15: Net sink hutan sekunder terlindungi — lebih rendah dari primary | E15: IPCC NFI; Bonan 2008 lower | F15: 1.5 | G15: 4.5
A16: ── HUTAN RAWA GAMBUT (PSF) ──
A17: Kedalaman Gambut [PESIMISTIS] | B17: 2.5 | C17: m | D17: Area PS di tepi daerah tangkapan, bukan kubah gambut dalam. RMU Katingan inti ~4-4.5m, area marginal ~2-3m. | E17: RMU PDD v5.0; Page et al. 2011; BRG survei 2019 | F17: 1.5 | G17: 6
A18: Bulk Density Gambut | B18: 0.096 | C18: g/cm³ | D18: Tetap — data empiris cukup konsisten untuk gambut tropik | E18: Warren et al. 2017; Hooijer et al. 2010 | F18: 0.08 | G18: 0.115
A19: Carbon Fraction Gambut [PESIMISTIS] | B19: 0.55 | C19: fraksi dry mass | D19: Sedikit lebih rendah dari nilai Warren — gambut tepi umumnya lebih mineral | E19: Warren et al. 2017 lower; Page et al. 2011 | F19: 0.49 | G19: 0.6
A20: Stok Karbon Gambut | B20: 132 | C20: tC/ha | D20: 250.0cm × 0.096 × 0.55 × 10 | E20: Formula IPCC Tier 2
A21: Stok Karbon Gambut (CO₂e) | B21: 484 | C21: tCO₂e/ha | D21: ×3.667
A22: AGB PSF [PESIMISTIS — logged-over] | B22: 100 | C22: tC/ha | D22: Logged-over/degraded PSF. Lebih rendah dari intact PSF (140-160 tC/ha). | E22: Leng et al. 2019 lower; Verwer & van der Meer 2010 degraded scenario | F22: 75 | G22: 160
A23: Root-to-Shoot Ratio (PSF) | B23: 0.37 | C23: ratio | D23: Tetap — tidak berubah signifikan antara intact vs degraded | E23: IPCC 2006; Comeau et al. 2013 | F23: 0.28 | G23: 0.45
A24: Biomassa Total PSF (CO₂e) | B24: 564.7 | C24: tCO₂e/ha | D24: AGB×(1+BGB+DW+Litter)×3.667
A25: TOTAL Stok Karbon Gambut+Biomassa | B25: 1049 | C25: tCO₂e/ha | D25: Peat stock + PSF biomass (pesimistis)
A26: ER Gambut — Avoided Drainage | B26: 55 | C26: tCO₂e/ha/thn | D26: Lebih rendah dari IPCC 2014 (75) karena gambut dangkal memancarkan lebih sedikit | E26: IPCC 2014 Wetlands lower; Hooijer et al. 2010 shallow peat | F26: 35 | G26: 95
A27: ER Gambut — Avoided Fire | B27: 8 | C27: tCO₂e/ha/thn | D27: Weighted probability kebakaran lebih rendah untuk PSF yang masih relatif basah | E27: van der Werf et al. 2008; RMU fire module pessimistic | F27: 3 | G27: 35
A28: Net ER Gambut [PESIMISTIS] | B28: 22 | C28: tCO₂e/ha/thn | D28: Floor RMU sensitivity analysis untuk area marginal. Setelah uncertainty (-25%), additionality (-10%), permanence. | E28: RMU PDD v5.0 sensitivity; VCS VM0007 lower scenario | F28: 15 | G28: 50
A29: Sequestration PSF | B29: 2 | C29: tCO₂e/ha/thn | D29: Net uptake PSF terlindungi — lower bound | E29: IPCC; Chimner & Ewel 2005 lower | F29: 1 | G29: 4
A30: ── PARAMETER VCS / PASAR KARBON ──
A31: Horizon Proyek | B31: 30 | C31: tahun | D31: Standard VCS REDD+ | E31: VCS Standard v4.0 | F31: 20 | G31: 40
A32: Buffer Pool Deduction [PESIMISTIS] | B32: 25% | C32: % gross ER | D32: Lebih tinggi dari RMU aktual (20-24%) karena unit baru, belum ada track record monitoring, governance risk tinggi | E32: VCS AFOLU NPR Tool; RMU risk score upper | F32: 20% | G32: 35%
A33: Leakage Deduction [PESIMISTIS] | B33: 15% | C33: % gross ER | D33: Tekanan deforestasi tinggi di Kalteng: activity-shifting leakage signifikan. VCS VM0007 mengizinkan 5-20%. | E33: VCS VM0007; RMU PDD upper leakage scenario | F33: 10% | G33: 20%
A34: Net Credit Factor [PESIMISTIS] | B34: 60% | C34: % dari gross ER | D34: 1 - 25% - 15% = 60% | E34: Kalkulasi
A35: Harga Karbon — Floor (VCM spot) | B35: 5 | C35: USD/tCO₂e | D35: Floor absolut pasar sukarela; proyek tanpa track record; spot market | E35: Ecosystem Marketplace 2024; BeZero Carbon | F35: 3 | G35: 8
A36: Harga Karbon — Mid Realistis | B36: 10 | C36: USD/tCO₂e | D36: Harga realistis VCM 2024 untuk proyek REDD+ baru Indonesia | E36: Verra VCS Registry; Ecosystem Marketplace 2024 REDD+ avg | F36: 7 | G36: 15
A37: Harga Karbon — Premium Moderat | B37: 18 | C37: USD/tCO₂e | D37: Premium CCB/biodiversity moderat. Memerlukan sertifikasi tambahan CCB Gold. | E37: REDD+ CCB projects 2023-2024; South Pole market data | F37: 15 | G37: 28
A38: ── KONVERSI UNIT ──
A39: Faktor Konversi C→CO₂ | B39: 3.667 | C39: tCO₂/tC | D39: Molar mass CO₂(44) / C(12) = 3.667 | E39: IPCC

Sheet Karbon_Gunung_Mas
A1: CADANGAN KARBON & POTENSI KREDIT KARBON — GUNUNG MAS [SKENARIO PESIMISTIS]
A2: Metodologi: VCS REDD+ (mengacu Katingan Mentaya Project / PT. RMU) | IPCC 2006 & Wetlands Supplement 2014 | Warren et al. 2017 | Murdiyarso et al. 2015
A3: Kabupaten: Gunung Mas | Update: 06 Januari 2026 | Parameter Gambut: kedalaman 2.5m, BD 0.096 g/cm³, CF 0.55 | Buffer Pool Deduction: 25% | Leakage: 15% | Horizon Proyek: 30 thn
A5: No. | B5: Skema | C5: Pemegang Izin | D5: Desa/Lokasi | E5: Luas SK (ha) | F5: Jenis Hutan | G5: Stok Karbon Biomassa (tCO₂e/ha) | H5: Stok Karbon Gambut/SOC (tCO₂e/ha) | I5: Total Stok Karbon (tCO₂e/ha) | J5: TOTAL STOK KARBON (tCO₂e) | K5: Emisi Terhindari (tCO₂e/ha/thn) | L5: Gross ER 30 thn (tCO₂e) | M5: Net Kredit (setelah buffer+leakage) tCO₂e | N5: Harga Rendah (USD 5) | O5: Harga Menengah (USD 10) | P5: Harga Tinggi (USD 18) | Q5: Potensi Sekuestrasi (tCO₂e/ha/thn) | R5: Potensi Sekuestrasi 30 thn (tCO₂e) | S5: Keterangan Metode
A6: 1 | B6: HKM | C6: BATU BULAN | D6: TUSANG RAYA | E6: 2925 | F6: Mineral | G6: 803.8 | H6: 165 | I6: =G6+H6 -> 968.8 | J6: =E6*I6 -> 2833740 | K6: 7 | L6: =E6*K6*30 -> 614250 | M6: =L6*0.6 -> 368550 | N6: =M6*5 -> 1842750 | O6: =M6*10 -> 3685500 | P6: =M6*18 -> 6633900 | Q6: 2 | R6: =E6*Q6*30 -> 175500 | S6: PESIMISTIS | Mineral sekunder: AGB 160.0 tC/ha (hutan produksi/sekunder); SOC 45.0 tC/ha; Net ER 7.0 tCO₂e/ha/thn; Buffer 25%+Leak 15%
A7: 2 | B7: HKM | C7: HAPAKAT MAHAGA HIMBA | D7: BATU PUTER | E7: 460 | F7: Mineral | G7: 803.8 | H7: 165 | I7: =G7+H7 -> 968.8 | J7: =E7*I7 -> 445648 | K7: 7 | L7: =E7*K7*30 -> 96600 | M7: =L7*0.6 -> 57960 | N7: =M7*5 -> 289800 | O7: =M7*10 -> 579600 | P7: =M7*18 -> 1043280 | Q7: 2 | R7: =E7*Q7*30 -> 27600 | S7: PESIMISTIS | Mineral sekunder: AGB 160.0 tC/ha (hutan produksi/sekunder); SOC 45.0 tC/ha; Net ER 7.0 tCO₂e/ha/thn; Buffer 25%+Leak 15%
A8: 3 | B8: LPHD | C8: KARATAN SARIAN | D8: KARATAN SARIAN | E8: 608 | F8: Mineral | G8: 803.8 | H8: 165 | I8: =G8+H8 -> 968.8 | J8: =E8*I8 -> 589030.4 | K8: 7 | L8: =E8*K8*30 -> 127680 | M8: =L8*0.6 -> 76608 | N8: =M8*5 -> 383040 | O8: =M8*10 -> 766080 | P8: =M8*18 -> 1378944 | Q8: 2 | R8: =E8*Q8*30 -> 36480 | S8: PESIMISTIS | Mineral sekunder: AGB 160.0 tC/ha (hutan produksi/sekunder); SOC 45.0 tC/ha; Net ER 7.0 tCO₂e/ha/thn; Buffer 25%+Leak 15%
A9: 4 | B9: LPHD | C9: RABAMBANG | D9: RABAMBANG | E9: 440 | F9: Mineral | G9: 803.8 | H9: 165 | I9: =G9+H9 -> 968.8 | J9: =E9*I9 -> 426272 | K9: 7 | L9: =E9*K9*30 -> 92400 | M9: =L9*0.6 -> 55440 | N9: =M9*5 -> 277200 | O9: =M9*10 -> 554400 | P9: =M9*18 -> 997920 | Q9: 2 | R9: =E9*Q9*30 -> 26400 | S9: PESIMISTIS | Mineral sekunder: AGB 160.0 tC/ha (hutan produksi/sekunder); SOC 45.0 tC/ha; Net ER 7.0 tCO₂e/ha/thn; Buffer 25%+Leak 15%
A10: 5 | B10: LPHD | C10: RANGAN HIRAN | D10: RANGAN HIRAN | E10: 865 | F10: Mineral | G10: 803.8 | H10: 165 | I10: =G10+H10 -> 968.8 | J10: =E10*I10 -> 838012 | K10: 7 | L10: =E10*K10*30 -> 181650 | M10: =L10*0.6 -> 108990 | N10: =M10*5 -> 544950 | O10: =M10*10 -> 1089900 | P10: =M10*18 -> 1961820 | Q10: 2 | R10: =E10*Q10*30 -> 51900 | S10: PESIMISTIS | Mineral sekunder: AGB 160.0 tC/ha (hutan produksi/sekunder); SOC 45.0 tC/ha; Net ER 7.0 tCO₂e/ha/thn; Buffer 25%+Leak 15%
A11: 6 | B11: LPHD | C11: LAWANG KANJI | D11: LAWANG KANJI | E11: 299 | F11: Mineral | G11: 803.8 | H11: 165 | I11: =G11+H11 -> 968.8 | J11: =E11*I11 -> 289671.2 | K11: 7 | L11: =E11*K11*30 -> 62790 | M11: =L11*0.6 -> 37674 | N11: =M11*5 -> 188370 | O11: =M11*10 -> 376740 | P11: =M11*18 -> 678132 | Q11: 2 | R11: =E11*Q11*30 -> 17940 | S11: PESIMISTIS | Mineral sekunder: AGB 160.0 tC/ha (hutan produksi/sekunder); SOC 45.0 tC/ha; Net ER 7.0 tCO₂e/ha/thn; Buffer 25%+Leak 15%
A12: 7 | B12: LPHD | C12: TUMBANG MARAYA | D12: TBG. MARAYA | E12: 334 | F12: Mineral | G12: 803.8 | H12: 165 | I12: =G12+H12 -> 968.8 | J12: =E12*I12 -> 323579.2 | K12: 7 | L12: =E12*K12*30 -> 70140 | M12: =L12*0.6 -> 42084 | N12: =M12*5 -> 210420 | O12: =M12*10 -> 420840 | P12: =M12*18 -> 757512 | Q12: 2 | R12: =E12*Q12*30 -> 20040 | S12: PESIMISTIS | Mineral sekunder: AGB 160.0 tC/ha (hutan produksi/sekunder); SOC 45.0 tC/ha; Net ER 7.0 tCO₂e/ha/thn; Buffer 25%+Leak 15%
A13: 8 | B13: HA | C13: DAYAK NGAJU TUMBANG KUAYAN | D13: TUMBANG KUAYAN | E13: 1250 | F13: Mineral | G13: 803.8 | H13: 165 | I13: =G13+H13 -> 968.8 | J13: =E13*I13 -> 1211000 | K13: 7 | L13: =E13*K13*30 -> 262500 | M13: =L13*0.6 -> 157500 | N13: =M13*5 -> 787500 | O13: =M13*10 -> 1575000 | P13: =M13*18 -> 2835000 | Q13: 2 | R13: =E13*Q13*30 -> 75000 | S13: PESIMISTIS | Mineral sekunder: AGB 160.0 tC/ha (hutan produksi/sekunder); SOC 45.0 tC/ha; Net ER 7.0 tCO₂e/ha/thn; Buffer 25%+Leak 15%
A14: 9 | B14: HA | C14: MHA DAYAK OT DANUM LOWU KARETAU RAMBANGUN | D14: KARETAU RAMBANGUN | E14: 2956 | F14: Mineral | G14: 803.8 | H14: 165 | I14: =G14+H14 -> 968.8 | J14: =E14*I14 -> 2863772.8 | K14: 7 | L14: =E14*K14*30 -> 620760 | M14: =L14*0.6 -> 372456 | N14: =M14*5 -> 1862280 | O14: =M14*10 -> 3724560 | P14: =M14*18 -> 6704208 | Q14: 2 | R14: =E14*Q14*30 -> 177360 | S14: PESIMISTIS | Mineral sekunder: AGB 160.0 tC/ha (hutan produksi/sekunder); SOC 45.0 tC/ha; Net ER 7.0 tCO₂e/ha/thn; Buffer 25%+Leak 15%
A15: 10 | B15: HA | C15: MHA DAYAK OT DANUM LOWU TUMBANG ANOI | D15: TUMBANG ANOI | E15: 2872 | F15: Mineral | G15: 803.8 | H15: 165 | I15: =G15+H15 -> 968.8 | J15: =E15*I15 -> 2782393.6 | K15: 7 | L15: =E15*K15*30 -> 603120 | M15: =L15*0.6 -> 361872 | N15: =M15*5 -> 1809360 | O15: =M15*10 -> 3618720 | P15: =M15*18 -> 6513696 | Q15: 2 | R15: =E15*Q15*30 -> 172320 | S15: PESIMISTIS | Mineral sekunder: AGB 160.0 tC/ha (hutan produksi/sekunder); SOC 45.0 tC/ha; Net ER 7.0 tCO₂e/ha/thn; Buffer 25%+Leak 15%
A16: 11 | B16: HA | C16: DAYAK OT DANUM | D16: TUMBANG MARIKOI | E16: 3123 | F16: Mineral | G16: 803.8 | H16: 165 | I16: =G16+H16 -> 968.8 | J16: =E16*I16 -> 3025562.4 | K16: 7 | L16: =E16*K16*30 -> 655830 | M16: =L16*0.6 -> 393498 | N16: =M16*5 -> 1967490 | O16: =M16*10 -> 3934980 | P16: =M16*18 -> 7082964 | Q16: 2 | R16: =E16*Q16*30 -> 187380 | S16: PESIMISTIS | Mineral sekunder: AGB 160.0 tC/ha (hutan produksi/sekunder); SOC 45.0 tC/ha; Net ER 7.0 tCO₂e/ha/thn; Buffer 25%+Leak 15%
A17: 12 | B17: HA | C17: DAYAK NGAJU LEWU TUMBANG HATUNG | D17: TUMBANG HATUNG | E17: 3092 | F17: Mineral | G17: 803.8 | H17: 165 | I17: =G17+H17 -> 968.8 | J17: =E17*I17 -> 2995529.6 | K17: 7 | L17: =E17*K17*30 -> 649320 | M17: =L17*0.6 -> 389592 | N17: =M17*5 -> 1947960 | O17: =M17*10 -> 3895920 | P17: =M17*18 -> 7012656 | Q17: 2 | R17: =E17*Q17*30 -> 185520 | S17: PESIMISTIS | Mineral sekunder: AGB 160.0 tC/ha (hutan produksi/sekunder); SOC 45.0 tC/ha; Net ER 7.0 tCO₂e/ha/thn; Buffer 25%+Leak 15%
... A40: 35 | B40: IUPHKm | C40: KELOMPOK TANI HUTAN LESTARI | D40: TUMBANG MIWAN | E40: 1885 | F40: Mineral | G40: 803.8 | H40: 165 | I40: =G40+H40 -> 968.8 | J40: =E40*I40 -> 1826188 | K40: 7 | L40: =E40*K40*30 -> 395850 | M40: =L40*0.6 -> 237510 | N40: =M40*5 -> 1187550 | O40: =M40*10 -> 2375100 | P40: =M40*18 -> 4275180 | Q40: 2 | R40: =E40*Q40*30 -> 113100 | S40: PESIMISTIS | Mineral sekunder: AGB 160.0 tC/ha (hutan produksi/sekunder); SOC 45.0 tC/ha; Net ER 7.0 tCO₂e/ha/thn; Buffer 25%+Leak 15%
A41: SUB TOTAL — Gunung Mas | E41: =SUM(E6:E40) -> 72800.99 | F41: =SUM(F6:F40) -> 0 | G41: =SUM(G6:G40) -> 28133 | H41: =SUM(H6:H40) -> 5775 | I41: =SUM(I6:I40) -> 33908 | J41: =SUM(J6:J40) -> 70529599 | K41: =SUM(K6:K40) -> 245 | L41: =SUM(L6:L40) -> 15288208 | ... R41: =SUM(R6:R40) -> 4368059.4

Sheet Karbon_Katingan
A1: CADANGAN KARBON & POTENSI KREDIT KARBON — KATINGAN [SKENARIO PESIMISTIS]
A2: Metodologi: VCS REDD+ (mengacu Katingan Mentaya Project / PT. RMU) | IPCC 2006 & Wetlands Supplement 2014 | Warren et al. 2017 | Murdiyarso et al. 2015
A3: Kabupaten: Katingan | Update: 06 Januari 2026 | Parameter Gambut: kedalaman 2.5m, BD 0.096 g/cm³, CF 0.55 | Buffer Pool Deduction: 25% | Leakage: 15% | Horizon Proyek: 30 thn
A5: No. | B5: Skema | C5: Pemegang Izin | D5: Desa/Lokasi | E5: Luas SK (ha) | F5: Jenis Hutan | G5: Stok Karbon Biomassa (tCO₂e/ha) | H5: Stok Karbon Gambut/SOC (tCO₂e/ha) | I5: Total Stok Karbon (tCO₂e/ha) | J5: TOTAL STOK KARBON (tCO₂e) | K5: Emisi Terhindari (tCO₂e/ha/thn) | L5: Gross ER 30 thn (tCO₂e) | M5: Net Kredit (setelah buffer+leakage) tCO₂e | N5: Harga Rendah (USD 5) | O5: Harga Menengah (USD 10) | P5: Harga Tinggi (USD 18) | Q5: Potensi Sekuestrasi (tCO₂e/ha/thn) | R5: Potensi Sekuestrasi 30 thn (tCO₂e) | S5: Keterangan Metode
A6: 1 | B6: HKM | C6: GAPOKTAN KAPAKAT ATEI | D6: TBNG.RUNEN,JAHANJANG,KERUING,PARUPUK,TELAGA | E6: 4556 | F6: Gambut | G6: 564.7 | H6: 484 | I6: =G6+H6 -> 1048.7 | J6: =E6*I6 -> 4777877.2 | K6: 22 | L6: =E6*K6*30 -> 3006960 | M6: =L6*0.6 -> 1804176 | N6: =M6*5 -> 9020880 | O6: =M6*10 -> 18041760 | P6: =M6*18 -> 32475168 | Q6: 2.5 | R6: =E6*Q6*30 -> 341700 | S6: PESIMISTIS | Gambut degraded: PSF 100.0 tC/ha AGB; Gambut 2.5m × BD 0.096 × CF 0.55; Net ER 22.0 tCO₂e/ha/thn; Buffer 25%+Leak 15%
A7: 2 | B7: LPHD | C7: RUNEN TATAU | D7: TUMBANG RUNEN | E7: 399 | F7: Gambut | G7: 564.7 | H7: 484 | I7: =G7+H7 -> 1048.7 | J7: =E7*I7 -> 418431.3 | K7: 22 | L7: =E7*K7*30 -> 263340 | M7: =L7*0.6 -> 158004 | N7: =M7*5 -> 790020 | O7: =M7*10 -> 1580040 | P7: =M7*18 -> 2844072 | Q7: 2.5 | R7: =E7*Q7*30 -> 29925 | S7: PESIMISTIS | Gambut degraded: PSF 100.0 tC/ha AGB; Gambut 2.5m × BD 0.096 × CF 0.55; Net ER 22.0 tCO₂e/ha/thn; Buffer 25%+Leak 15%
A8: 3 | B8: LPHD | C8: PANDINU PANTIS EBES | D8: PARUPUK | E8: 763 | F8: Gambut | G8: 564.7 | H8: 484 | I8: =G8+H8 -> 1048.7 | J8: =E8*I8 -> 800158.1 | K8: 22 | L8: =E8*K8*30 -> 503580 | M8: =L8*0.6 -> 302148 | N8: =M8*5 -> 1510740 | O8: =M8*10 -> 3021480 | P8: =M8*18 -> 5438664 | Q8: 2.5 | R8: =E8*Q8*30 -> 57225 | S8: PESIMISTIS | Gambut degraded: PSF 100.0 tC/ha AGB; Gambut 2.5m × BD 0.096 × CF 0.55; Net ER 22.0 tCO₂e/ha/thn; Buffer 25%+Leak 15%
A9: 4 | B9: LPHD | C9: HIMBA PANATAU LEWU | D9: GALINGGGANG | E9: 4051 | F9: Gambut | G9: 564.7 | H9: 484 | I9: =G9+H9 -> 1048.7 | J9: =E9*I9 -> 4248283.7 | K9: 22 | L9: =E9*K9*30 -> 2673660 | M9: =L9*0.6 -> 1604196 | N9: =M9*5 -> 8020980 | O9: =M9*10 -> 16041960 | P9: =M9*18 -> 28875528 | Q9: 2.5 | R9: =E9*Q9*30 -> 303825 | S9: PESIMISTIS | Gambut degraded: PSF 100.0 tC/ha AGB; Gambut 2.5m × BD 0.096 × CF 0.55; Net ER 22.0 tCO₂e/ha/thn; Buffer 25%+Leak 15%
A10: 5 | B10: LPHD | C10: JALAN PANGEN | D10: BAUN BANGO | E10: 424 | F10: Gambut | G10: 564.7 | H10: 484 | I10: =G10+H10 -> 1048.7 | J10: =E10*I10 -> 444648.8 | K10: 22 | L10: =E10*K10*30 -> 279840 | M10: =L10*0.6 -> 167904 | N10: =M10*5 -> 839520 | O10: =M10*10 -> 1679040 | P10: =M10*18 -> 3022272 | Q10: 2.5 | R10: =E10*Q10*30 -> 31800 | S10: PESIMISTIS | Gambut degraded: PSF 100.0 tC/ha AGB; Gambut 2.5m × BD 0.096 × CF 0.55; Net ER 22.0 tCO₂e/ha/thn; Buffer 25%+Leak 15%
A11: 6 | B11: LPHD | C11: KAHANJAK ATEI | D11: ASEM KUMBANG | E11: 911 | F11: Gambut | G11: 564.7 | H11: 484 | I11: =G11+H11 -> 1048.7 | J11: =E11*I11 -> 955365.7 | K11: 22 | L11: =E11*K11*30 -> 601260 | M11: =L11*0.6 -> 360756 | N11: =M11*5 -> 1803780 | O11: =M11*10 -> 3607560 | P11: =M11*18 -> 6493608 | Q11: 2.5 | R11: =E11*Q11*30 -> 68325 | S11: PESIMISTIS | Gambut degraded: PSF 100.0 tC/ha AGB; Gambut 2.5m × BD 0.096 × CF 0.55; Net ER 22.0 tCO₂e/ha/thn; Buffer 25%+Leak 15%
A12: 7 | B12: LPHD | C12: KERUENG HAPAKAT | D12: KERUING | E12: 462 | F12: Gambut | G12: 564.7 | H12: 484 | I12: =G12+H12 -> 1048.7 | J12: =E12*I12 -> 484499.4 | K12: 22 | L12: =E12*K12*30 -> 304920 | M12: =L12*0.6 -> 182952 | N12: =M12*5 -> 914760 | O12: =M12*10 -> 1829520 | P12: =M12*18 -> 3293136 | Q12: 2.5 | R12: =E12*Q12*30 -> 34650 | S12: PESIMISTIS | Gambut degraded: PSF 100.0 tC/ha AGB; Gambut 2.5m × BD 0.096 × CF 0.55; Net ER 22.0 tCO₂e/ha/thn; Buffer 25%+Leak 15%
A13: 8 | B13: LPHD | C13: LAPAK TAHETA | D13: JAHANJANG | E13: 2662 | F13: Gambut | G13: 564.7 | H13: 484 | I13: =G13+H13 -> 1048.7 | J13: =E13*I13 -> 2791639.4 | K13: 22 | L13: =E13*K13*30 -> 1756920 | M13: =L13*0.6 -> 1054152 | N13: =M13*5 -> 5270760 | O13: =M13*10 -> 10541520 | P13: =M13*18 -> 18974736 | Q13: 2.5 | R13: =E13*Q13*30 -> 199650 | S13: PESIMISTIS | Gambut degraded: PSF 100.0 tC/ha AGB; Gambut 2.5m × BD 0.096 × CF 0.55; Net ER 22.0 tCO₂e/ha/thn; Buffer 25%+Leak 15%
A14: 9 | B14: HKM | C14: KATINGAN MANUAH | D14: TALIAN KERENG | E14: 966 | F14: Gambut | G14: 564.7 | H14: 484 | I14: =G14+H14 -> 1048.7 | J14: =E14*I14 -> 1013044.2 | K14: 22 | L14: =E14*K14*30 -> 637560 | M14: =L14*0.6 -> 382536 | N14: =M14*5 -> 1912680 | O14: =M14*10 -> 3825360 | P14: =M14*18 -> 6885648 | Q14: 2.5 | R14: =E14*Q14*30 -> 72450 | S14: PESIMISTIS | Gambut degraded: PSF 100.0 tC/ha AGB; Gambut 2.5m × BD 0.096 × CF 0.55; Net ER 22.0 tCO₂e/ha/thn; Buffer 25%+Leak 15%
A15: 10 | B15: LPHD | C15: LPHD HIYANG BANA | D15: HIYANG BANA | E15: 1088 | F15: Gambut | G15: 564.7 | H15: 484 | I15: =G15+H15 -> 1048.7 | J15: =E15*I15 -> 1140985.6 | K15: 22 | L15: =E15*K15*30 -> 718080 | M15: =L15*0.6 -> 430848 | N15: =M15*5 -> 2154240 | O15: =M15*10 -> 4308480 | P15: =M15*18 -> 7755264 | Q15: 2.5 | R15: =E15*Q15*30 -> 81600 | S15: PESIMISTIS | Gambut degraded: PSF 100.0 tC/ha AGB; Gambut 2.5m × BD 0.096 × CF 0.55; Net ER 22.0 tCO₂e/ha/thn; Buffer 25%+Leak 15%
A16: 11 | B16: LPHD | C16: LPHD TUMBANG BULAN | D16: TUMBANG BULAN | E16: 1266 | F16: Gambut | G16: 564.7 | H16: 484 | I16: =G16+H16 -> 1048.7 | J16: =E16*I16 -> 1327654.2 | K16: 22 | L16: =E16*K16*30 -> 835560 | M16: =L16*0.6 -> 501336 | N16: =M16*5 -> 2506680 | O16: =M16*10 -> 5013360 | P16: =M16*18 -> 9024048 | Q16: 2.5 | R16: =E16*Q16*30 -> 94950 | S16: PESIMISTIS | Gambut degraded: PSF 100.0 tC/ha AGB; Gambut 2.5m × BD 0.096 × CF 0.55; Net ER 22.0 tCO₂e/ha/thn; Buffer 25%+Leak 15%
A17: 12 | B17: LPHD | C17: LPHD HIMBA HARAPAN ITAH | D17: TELUK SEBULU | E17: 2926 | F17: Gambut | G17: 564.7 | H17: 484 | I17: =G17+H17 -> 1048.7 | J17: =E17*I17 -> 3068496.2 | K17: 22 | L17: =E17*K17*30 -> 1931160 | M17: =L17*0.6 -> 1158696 | N17: =M17*5 -> 5793480 | O17: =M17*10 -> 11586960 | P17: =M17*18 -> 20856528 | Q17: 2.5 | R17: =E17*Q17*30 -> 219450 | S17: PESIMISTIS | Gambut degraded: PSF 100.0 tC/ha AGB; Gambut 2.5m × BD 0.096 × CF 0.55; Net ER 22.0 tCO₂e/ha/thn; Buffer 25%+Leak 15%
... A20: 15 | B20: LPHD | C20: LPHD PERIGI JAYA BERSAMA | D20: PERIGI | E20: 3413 | F20: Gambut | G20: 564.7 | H20: 484 | I20: =G20+H20 -> 1048.7 | J20: =E20*I20 -> 3579213.1 | K20: 22 | L20: =E20*K20*30 -> 2252580 | M20: =L20*0.6 -> 1351548 | N20: =M20*5 -> 6757740 | O20: =M20*10 -> 13515480 | P20: =M20*18 -> 24327864 | Q20: 2.5 | R20: =E20*Q20*30 -> 255975 | S20: PESIMISTIS | Gambut degraded: PSF 100.0 tC/ha AGB; Gambut 2.5m × BD 0.096 × CF 0.55; Net ER 22.0 tCO₂e/ha/thn; Buffer 25%+Leak 15%
A21: SUB TOTAL — Katingan | E21: =SUM(E6:E20) -> 29239 | F21: =SUM(F6:F20) -> 0 | G21: =SUM(G6:G20) -> 8470.5 | H21: =SUM(H6:H20) -> 7260 | I21: =SUM(I6:I20) -> 15730.5 | J21: =SUM(J6:J20) -> 30662939 | K21: =SUM(K6:K20) -> 330 | L21: =SUM(L6:L20) -> 19297740 | ... R21: =SUM(R6:R20) -> 2192925

Sheet Karbon_Kapuas
A1: CADANGAN KARBON & POTENSI KREDIT KARBON — KAPUAS [SKENARIO PESIMISTIS]
A2: Metodologi: VCS REDD+ (mengacu Katingan Mentaya Project / PT. RMU) | IPCC 2006 & Wetlands Supplement 2014 | Warren et al. 2017 | Murdiyarso et al. 2015
A3: Kabupaten: Kapuas | Update: 06 Januari 2026 | Parameter Gambut: kedalaman 2.5m, BD 0.096 g/cm³, CF 0.55 | Buffer Pool Deduction: 25% | Leakage: 15% | Horizon Proyek: 30 thn
A5: No. | B5: Skema | C5: Pemegang Izin | D5: Desa/Lokasi | E5: Luas SK (ha) | F5: Jenis Hutan | G5: Stok Karbon Biomassa (tCO₂e/ha) | H5: Stok Karbon Gambut/SOC (tCO₂e/ha) | I5: Total Stok Karbon (tCO₂e/ha) | J5: TOTAL STOK KARBON (tCO₂e) | K5: Emisi Terhindari (tCO₂e/ha/thn) | L5: Gross ER 30 thn (tCO₂e) | M5: Net Kredit (setelah buffer+leakage) tCO₂e | N5: Harga Rendah (USD 5) | O5: Harga Menengah (USD 10) | P5: Harga Tinggi (USD 18) | Q5: Potensi Sekuestrasi (tCO₂e/ha/thn) | R5: Potensi Sekuestrasi 30 thn (tCO₂e) | S5: Keterangan Metode
A6: 1 | B6: HKM | C6: GAPOKTAN TUMBANG MUROI | D6: TUMBANG MUROI | E6: 807 | F6: Gambut | G6: 564.7 | H6: 484 | I6: =G6+H6 -> 1048.7 | J6: =E6*I6 -> 846300.9 | K6: 22 | L6: =E6*K6*30 -> 532620 | M6: =L6*0.6 -> 319572 | N6: =M6*5 -> 1597860 | O6: =M6*10 -> 3195720 | P6: =M6*18 -> 5752296 | Q6: 2.5 | R6: =E6*Q6*30 -> 60525 | S6: PESIMISTIS | Gambut degraded: PSF 100.0 tC/ha AGB; Gambut 2.5m × BD 0.096 × CF 0.55; Net ER 22.0 tCO₂e/ha/thn; Buffer 25%+Leak 15%
A7: 2 | B7: HKM | C7: IJE ATEI | D7: PULAU KALADAN | E7: 180 | F7: Gambut | G7: 564.7 | H7: 484 | I7: =G7+H7 -> 1048.7 | J7: =E7*I7 -> 188766 | K7: 22 | L7: =E7*K7*30 -> 118800 | M7: =L7*0.6 -> 71280 | N7: =M7*5 -> 356400 | O7: =M7*10 -> 712800 | P7: =M7*18 -> 1283040 | Q7: 2.5 | R7: =E7*Q7*30 -> 13500 | S7: PESIMISTIS | Gambut degraded: PSF 100.0 tC/ha AGB; Gambut 2.5m × BD 0.096 × CF 0.55; Net ER 22.0 tCO₂e/ha/thn; Buffer 25%+Leak 15%
A8: 3 | B8: HKM | C8: KTH RIMBA LESTARI | D8: MANTANGAI TENGAH | E8: 100 | F8: Gambut | G8: 564.7 | H8: 484 | I8: =G8+H8 -> 1048.7 | J8: =E8*I8 -> 104870 | K8: 22 | L8: =E8*K8*30 -> 66000 | M8: =L8*0.6 -> 39600 | N8: =M8*5 -> 198000 | O8: =M8*10 -> 396000 | P8: =M8*18 -> 712800 | Q8: 2.5 | R8: =E8*Q8*30 -> 7500 | S8: PESIMISTIS | Gambut degraded: PSF 100.0 tC/ha AGB; Gambut 2.5m × BD 0.096 × CF 0.55; Net ER 22.0 tCO₂e/ha/thn; Buffer 25%+Leak 15%
A9: 4 | B9: LPHD | C9: SEI AHAS | D9: SEI AHAS | E9: 2113 | F9: Gambut | G9: 564.7 | H9: 484 | I9: =G9+H9 -> 1048.7 | J9: =E9*I9 -> 2215903.1 | K9: 22 | L9: =E9*K9*30 -> 1394580 | M9: =L9*0.6 -> 836748 | N9: =M9*5 -> 4183740 | O9: =M9*10 -> 8367480 | P9: =M9*18 -> 15061464 | Q9: 2.5 | R9: =E9*Q9*30 -> 158475 | S9: PESIMISTIS | Gambut degraded: PSF 100.0 tC/ha AGB; Gambut 2.5m × BD 0.096 × CF 0.55; Net ER 22.0 tCO₂e/ha/thn; Buffer 25%+Leak 15%
A10: 5 | B10: LPHD | C10: BEROK TUNGGAL | D10: TERUSAN RAYA | E10: 339 | F10: Gambut | G10: 564.7 | H10: 484 | I10: =G10+H10 -> 1048.7 | J10: =E10*I10 -> 355509.3 | K10: 22 | L10: =E10*K10*30 -> 223740 | M10: =L10*0.6 -> 134244 | N10: =M10*5 -> 671220 | O10: =M10*10 -> 1342440 | P10: =M10*18 -> 2416392 | Q10: 2.5 | R10: =E10*Q10*30 -> 25425 | S10: PESIMISTIS | Gambut degraded: PSF 100.0 tC/ha AGB; Gambut 2.5m × BD 0.096 × CF 0.55; Net ER 22.0 tCO₂e/ha/thn; Buffer 25%+Leak 15%
A11: 6 | B11: LPHD | C11: DANAU BAGANTUNG | D11: MANTANGAI HULU | E11: 4995 | F11: Gambut | G11: 564.7 | H11: 484 | I11: =G11+H11 -> 1048.7 | J11: =E11*I11 -> 5238256.5 | K11: 22 | L11: =E11*K11*30 -> 3296700 | M11: =L11*0.6 -> 1978020 | N11: =M11*5 -> 9890100 | O11: =M11*10 -> 19780200 | P11: =M11*18 -> 35604360 | Q11: 2.5 | R11: =E11*Q11*30 -> 374625 | S11: PESIMISTIS | Gambut degraded: PSF 100.0 tC/ha AGB; Gambut 2.5m × BD 0.096 × CF 0.55; Net ER 22.0 tCO₂e/ha/thn; Buffer 25%+Leak 15%
A12: 7 | B12: LPHD | C12: MANGKUTUP MANDIRI | D12: TBG.MANGKUTUP | E12: 4993 | F12: Gambut | G12: 564.7 | H12: 484 | I12: =G12+H12 -> 1048.7 | J12: =E12*I12 -> 5236159.1 | K12: 22 | L12: =E12*K12*30 -> 3295380 | M12: =L12*0.6 -> 1977228 | N12: =M12*5 -> 9886140 | O12: =M12*10 -> 19772280 | P12: =M12*18 -> 35590104 | Q12: 2.5 | R12: =E12*Q12*30 -> 374475 | S12: PESIMISTIS | Gambut degraded: PSF 100.0 tC/ha AGB; Gambut 2.5m × BD 0.096 × CF 0.55; Net ER 22.0 tCO₂e/ha/thn; Buffer 25%+Leak 15%
A13: 8 | B13: LPHD | C13: PELITA MUDA | D13: TBG.MANGKUTUP | E13: 2012 | F13: Gambut | G13: 564.7 | H13: 484 | I13: =G13+H13 -> 1048.7 | J13: =E13*I13 -> 2109984.4 | K13: 22 | L13: =E13*K13*30 -> 1327920 | M13: =L13*0.6 -> 796752 | N13: =M13*5 -> 3983760 | O13: =M13*10 -> 7967520 | P13: =M13*18 -> 14341536 | Q13: 2.5 | R13: =E13*Q13*30 -> 150900 | S13: PESIMISTIS | Gambut degraded: PSF 100.0 tC/ha AGB; Gambut 2.5m × BD 0.096 × CF 0.55; Net ER 22.0 tCO₂e/ha/thn; Buffer 25%+Leak 15%
A14: 9 | B14: LPHD | C14: TAMBAK BAJAI | D14: TAMBAK BAJAI | E14: 9416 | F14: Gambut | G14: 564.7 | H14: 484 | I14: =G14+H14 -> 1048.7 | J14: =E14*I14 -> 9874559.2 | K14: 22 | L14: =E14*K14*30 -> 6214560 | M14: =L14*0.6 -> 3728736 | N14: =M14*5 -> 18643680 | O14: =M14*10 -> 37287360 | P14: =M14*18 -> 67117248 | Q14: 2.5 | R14: =E14*Q14*30 -> 706200 | S14: PESIMISTIS | Gambut degraded: PSF 100.0 tC/ha AGB; Gambut 2.5m × BD 0.096 × CF 0.55; Net ER 22.0 tCO₂e/ha/thn; Buffer 25%+Leak 15%
A15: 10 | B15: LPHD | C15: TAMPUNG PENYANG | D15: SEI AHAS | E15: 5000 | F15: Gambut | G15: 564.7 | H15: 484 | I15: =G15+H15 -> 1048.7 | J15: =E15*I15 -> 5243500 | K15: 22 | L15: =E15*K15*30 -> 3300000 | M15: =L15*0.6 -> 1980000 | N15: =M15*5 -> 9900000 | O15: =M15*10 -> 19800000 | P15: =M15*18 -> 35640000 | Q15: 2.5 | R15: =E15*Q15*30 -> 375000 | S15: PESIMISTIS | Gambut degraded: PSF 100.0 tC/ha AGB; Gambut 2.5m × BD 0.096 × CF 0.55; Net ER 22.0 tCO₂e/ha/thn; Buffer 25%+Leak 15%
A16: 11 | B16: LPHD | C16: KATUNJUNG | D16: KATUNJUNG | E16: 6315 | F16: Gambut | G16: 564.7 | H16: 484 | I16: =G16+H16 -> 1048.7 | J16: =E16*I16 -> 6622540.5 | K16: 22 | L16: =E16*K16*30 -> 4167900 | M16: =L16*0.6 -> 2500740 | N16: =M16*5 -> 12503700 | O16: =M16*10 -> 25007400 | P16: =M16*18 -> 45013320 | Q16: 2.5 | R16: =E16*Q16*30 -> 473625 | S16: PESIMISTIS | Gambut degraded: PSF 100.0 tC/ha AGB; Gambut 2.5m × BD 0.096 × CF 0.55; Net ER 22.0 tCO₂e/ha/thn; Buffer 25%+Leak 15%
A17: 12 | B17: LPHD | C17: PETAK PUTI / TAMBUN BAPUTI | D17: PETAK PUTI | E17: 5719 | F17: Gambut | G17: 564.7 | H17: 484 | I17: =G17+H17 -> 1048.7 | J17: =E17*I17 -> 5997515.3 | K17: 22 | L17: =E17*K17*30 -> 3774540 | M17: =L17*0.6 -> 2264724 | N17: =M17*5 -> 11323620 | O17: =M17*10 -> 22647240 | P17: =M17*18 -> 40765032 | Q17: 2.5 | R17: =E17*Q17*30 -> 428925 | S17: PESIMISTIS | Gambut degraded: PSF 100.0 tC/ha AGB; Gambut 2.5m × BD 0.096 × CF 0.55; Net ER 22.0 tCO₂e/ha/thn; Buffer 25%+Leak 15%
... A30: 25 | B30: HTR | C30: HTR MANTA'A HAPAKAT | D30: KARETAU MANTA'A | E30: 820 | F30: Mineral | G30: 803.8 | H30: 165 | I30: =G30+H30 -> 968.8 | J30: =E30*I30 -> 794416 | K30: 7 | L30: =E30*K30*30 -> 172200 | M30: =L30*0.6 -> 103320 | N30: =M30*5 -> 516600 | O30: =M30*10 -> 1033200 | P30: =M30*18 -> 1859760 | Q30: 2 | R30: =E30*Q30*30 -> 49200 | S30: PESIMISTIS | Mineral sekunder: AGB 160.0 tC/ha (hutan produksi/sekunder); SOC 45.0 tC/ha; Net ER 7.0 tCO₂e/ha/thn; Buffer 25%+Leak 15%
A31: SUB TOTAL — Kapuas | E31: =SUM(E6:E30) -> 56771 | F31: =SUM(F6:F30) -> 0 | G31: =SUM(G6:G30) -> 16747.6 | H31: =SUM(H6:H30) -> 8591 | I31: =SUM(I6:I30) -> 25338.6 | J31: =SUM(J6:J30) -> 58626246 | K31: =SUM(K6:K30) -> 385 | L31: =SUM(L6:L30) -> 32346510 | ... R31: =SUM(R6:R30) -> 4087080

Sheet Karbon_Pulang_Pisau
A1: CADANGAN KARBON & POTENSI KREDIT KARBON — PULANG PISAU [SKENARIO PESIMISTIS]
A2: Metodologi: VCS REDD+ (mengacu Katingan Mentaya Project / PT. RMU) | IPCC 2006 & Wetlands Supplement 2014 | Warren et al. 2017 | Murdiyarso et al. 2015
A3: Kabupaten: Pulang Pisau | Update: 06 Januari 2026 | Parameter Gambut: kedalaman 2.5m, BD 0.096 g/cm³, CF 0.55 | Buffer Pool Deduction: 25% | Leakage: 15% | Horizon Proyek: 30 thn
A5: No. | B5: Skema | C5: Pemegang Izin | D5: Desa/Lokasi | E5: Luas SK (ha) | F5: Jenis Hutan | G5: Stok Karbon Biomassa (tCO₂e/ha) | H5: Stok Karbon Gambut/SOC (tCO₂e/ha) | I5: Total Stok Karbon (tCO₂e/ha) | J5: TOTAL STOK KARBON (tCO₂e) | K5: Emisi Terhindari (tCO₂e/ha/thn) | L5: Gross ER 30 thn (tCO₂e) | M5: Net Kredit (setelah buffer+leakage) tCO₂e | N5: Harga Rendah (USD 5) | O5: Harga Menengah (USD 10) | P5: Harga Tinggi (USD 18) | Q5: Potensi Sekuestrasi (tCO₂e/ha/thn) | R5: Potensi Sekuestrasi 30 thn (tCO₂e) | S5: Keterangan Metode
A6: 1 | B6: LPHD | C6: BUNTOI | D6: BUNTOI | E6: 7025 | F6: Gambut | G6: 564.7 | H6: 484 | I6: =G6+H6 -> 1048.7 | J6: =E6*I6 -> 7367117.5 | K6: 22 | L6: =E6*K6*30 -> 4636500 | M6: =L6*0.6 -> 2781900 | N6: =M6*5 -> 13909500 | O6: =M6*10 -> 27819000 | P6: =M6*18 -> 50074200 | Q6: 2.5 | R6: =E6*Q6*30 -> 526875 | S6: PESIMISTIS | Gambut degraded: PSF 100.0 tC/ha AGB; Gambut 2.5m × BD 0.096 × CF 0.55; Net ER 22.0 tCO₂e/ha/thn; Buffer 25%+Leak 15%
A7: 2 | B7: HTR | C7: GAPOKTAN BUNTOI | D7: BUNTOI | E7: 236 | F7: Gambut | G7: 564.7 | H7: 484 | I7: =G7+H7 -> 1048.7 | J7: =E7*I7 -> 247493.2 | K7: 22 | L7: =E7*K7*30 -> 155760 | M7: =L7*0.6 -> 93456 | N7: =M7*5 -> 467280 | O7: =M7*10 -> 934560 | P7: =M7*18 -> 1682208 | Q7: 2.5 | R7: =E7*Q7*30 -> 17700 | S7: PESIMISTIS | Gambut degraded: PSF 100.0 tC/ha AGB; Gambut 2.5m × BD 0.096 × CF 0.55; Net ER 22.0 tCO₂e/ha/thn; Buffer 25%+Leak 15%
A8: 3 | B8: HTR | C8: GAPOKTAN SENGON | D8: KALAWA | E8: 521 | F8: Gambut | G8: 564.7 | H8: 484 | I8: =G8+H8 -> 1048.7 | J8: =E8*I8 -> 546372.7 | K8: 22 | L8: =E8*K8*30 -> 343860 | M8: =L8*0.6 -> 206316 | N8: =M8*5 -> 1031580 | O8: =M8*10 -> 2063160 | P8: =M8*18 -> 3713688 | Q8: 2.5 | R8: =E8*Q8*30 -> 39075 | S8: PESIMISTIS | Gambut degraded: PSF 100.0 tC/ha AGB; Gambut 2.5m × BD 0.096 × CF 0.55; Net ER 22.0 tCO₂e/ha/thn; Buffer 25%+Leak 15%
A9: 4 | B9: LPHD | C9: TUWUNG | D9: TUWUNG | E9: 1297 | F9: Gambut | G9: 564.7 | H9: 484 | I9: =G9+H9 -> 1048.7 | J9: =E9*I9 -> 1360163.9 | K9: 22 | L9: =E9*K9*30 -> 856020 | M9: =L9*0.6 -> 513612 | N9: =M9*5 -> 2568060 | O9: =M9*10 -> 5136120 | P9: =M9*18 -> 9245016 | Q9: 2.5 | R9: =E9*Q9*30 -> 97275 | S9: PESIMISTIS | Gambut degraded: PSF 100.0 tC/ha AGB; Gambut 2.5m × BD 0.096 × CF 0.55; Net ER 22.0 tCO₂e/ha/thn; Buffer 25%+Leak 15%
A10: 5 | B10: LPHD | C10: SIGI | D10: SIGI | E10: 1276 | F10: Gambut | G10: 564.7 | H10: 484 | I10: =G10+H10 -> 1048.7 | J10: =E10*I10 -> 1338141.2 | K10: 22 | L10: =E10*K10*30 -> 842160 | M10: =L10*0.6 -> 505296 | N10: =M10*5 -> 2526480 | O10: =M10*10 -> 5052960 | P10: =M10*18 -> 9095328 | Q10: 2.5 | R10: =E10*Q10*30 -> 95700 | S10: PESIMISTIS | Gambut degraded: PSF 100.0 tC/ha AGB; Gambut 2.5m × BD 0.096 × CF 0.55; Net ER 22.0 tCO₂e/ha/thn; Buffer 25%+Leak 15%
A11: 6 | B11: LPHD | C11: BUKIT BAMBA | D11: BUKIT BAMBA | E11: 1216 | F11: Gambut | G11: 564.7 | H11: 484 | I11: =G11+H11 -> 1048.7 | J11: =E11*I11 -> 1275219.2 | K11: 22 | L11: =E11*K11*30 -> 802560 | M11: =L11*0.6 -> 481536 | N11: =M11*5 -> 2407680 | O11: =M11*10 -> 4815360 | P11: =M11*18 -> 8667648 | Q11: 2.5 | R11: =E11*Q11*30 -> 91200 | S11: PESIMISTIS | Gambut degraded: PSF 100.0 tC/ha AGB; Gambut 2.5m × BD 0.096 × CF 0.55; Net ER 22.0 tCO₂e/ha/thn; Buffer 25%+Leak 15%
A12: 7 | B12: LPHD | C12: PAMARUNAN | D12: PAMARUNAN | E12: 1045 | F12: Gambut | G12: 564.7 | H12: 484 | I12: =G12+H12 -> 1048.7 | J12: =E12*I12 -> 1095891.5 | K12: 22 | L12: =E12*K12*30 -> 689700 | M12: =L12*0.6 -> 413820 | N12: =M12*5 -> 2069100 | O12: =M12*10 -> 4138200 | P12: =M12*18 -> 7448760 | Q12: 2.5 | R12: =E12*Q12*30 -> 78375 | S12: PESIMISTIS | Gambut degraded: PSF 100.0 tC/ha AGB; Gambut 2.5m × BD 0.096 × CF 0.55; Net ER 22.0 tCO₂e/ha/thn; Buffer 25%+Leak 15%
A13: 8 | B13: LPHD | C13: BAHU PALAWA | D13: BAHU PALAWA | E13: 397 | F13: Gambut | G13: 564.7 | H13: 484 | I13: =G13+H13 -> 1048.7 | J13: =E13*I13 -> 416333.9 | K13: 22 | L13: =E13*K13*30 -> 262020 | M13: =L13*0.6 -> 157212 | N13: =M13*5 -> 786060 | O13: =M13*10 -> 1572120 | P13: =M13*18 -> 2829816 | Q13: 2.5 | R13: =E13*Q13*30 -> 29775 | S13: PESIMISTIS | Gambut degraded: PSF 100.0 tC/ha AGB; Gambut 2.5m × BD 0.096 × CF 0.55; Net ER 22.0 tCO₂e/ha/thn; Buffer 25%+Leak 15%
A14: 9 | B14: LPHD | C14: PETUK LITI | D14: PETUK LITI | E14: 2445 | F14: Gambut | G14: 564.7 | H14: 484 | I14: =G14+H14 -> 1048.7 | J14: =E14*I14 -> 2564071.5 | K14: 22 | L14: =E14*K14*30 -> 1613700 | M14: =L14*0.6 -> 968220 | N14: =M14*5 -> 4841100 | O14: =M14*10 -> 9682200 | P14: =M14*18 -> 17427960 | Q14: 2.5 | R14: =E14*Q14*30 -> 183375 | S14: PESIMISTIS | Gambut degraded: PSF 100.0 tC/ha AGB; Gambut 2.5m × BD 0.096 × CF 0.55; Net ER 22.0 tCO₂e/ha/thn; Buffer 25%+Leak 15%
A15: 10 | B15: LPHD | C15: BALUKON | D15: BALUKON | E15: 1485 | F15: Gambut | G15: 564.7 | H15: 484 | I15: =G15+H15 -> 1048.7 | J15: =E15*I15 -> 1557319.5 | K15: 22 | L15: =E15*K15*30 -> 980100 | M15: =L15*0.6 -> 588060 | N15: =M15*5 -> 2940300 | O15: =M15*10 -> 5880600 | P15: =M15*18 -> 10585080 | Q15: 2.5 | R15: =E15*Q15*30 -> 111375 | S15: PESIMISTIS | Gambut degraded: PSF 100.0 tC/ha AGB; Gambut 2.5m × BD 0.096 × CF 0.55; Net ER 22.0 tCO₂e/ha/thn; Buffer 25%+Leak 15%
A16: 11 | B16: LPHD | C16: PARAHANGAN | D16: PARAHANGAN | E16: 1574 | F16: Gambut | G16: 564.7 | H16: 484 | I16: =G16+H16 -> 1048.7 | J16: =E16*I16 -> 1650653.8 | K16: 22 | L16: =E16*K16*30 -> 1038840 | M16: =L16*0.6 -> 623304 | N16: =M16*5 -> 3116520 | O16: =M16*10 -> 6233040 | P16: =M16*18 -> 11219472 | Q16: 2.5 | R16: =E16*Q16*30 -> 118050 | S16: PESIMISTIS | Gambut degraded: PSF 100.0 tC/ha AGB; Gambut 2.5m × BD 0.096 × CF 0.55; Net ER 22.0 tCO₂e/ha/thn; Buffer 25%+Leak 15%
A17: 12 | B17: LPHD | C17: TAHAWA | D17: TAHAWA | E17: 998 | F17: Gambut | G17: 564.7 | H17: 484 | I17: =G17+H17 -> 1048.7 | J17: =E17*I17 -> 1046602.6 | K17: 22 | L17: =E17*K17*30 -> 658680 | M17: =L17*0.6 -> 395208 | N17: =M17*5 -> 1976040 | O17: =M17*10 -> 3952080 | P17: =M17*18 -> 7113744 | Q17: 2.5 | R17: =E17*Q17*30 -> 74850 | S17: PESIMISTIS | Gambut degraded: PSF 100.0 tC/ha AGB; Gambut 2.5m × BD 0.096 × CF 0.55; Net ER 22.0 tCO₂e/ha/thn; Buffer 25%+Leak 15%
... A21: 16 | B21: HKM | C21: MARANG | D21: MARANG | E21: 3046 | F21: Gambut | G21: 564.7 | H21: 484 | I21: =G21+H21 -> 1048.7 | J21: =E21*I21 -> 3194340.2 | K21: 22 | L21: =E21*K21*30 -> 2010360 | M21: =L21*0.6 -> 1206216 | N21: =M21*5 -> 6031080 | O21: =M21*10 -> 12062160 | P21: =M21*18 -> 21711888 | Q21: 2.5 | R21: =E21*Q21*30 -> 228450 | S21: PESIMISTIS | Gambut degraded: PSF 100.0 tC/ha AGB; Gambut 2.5m × BD 0.096 × CF 0.55; Net ER 22.0 tCO₂e/ha/thn; Buffer 25%+Leak 15%
A22: SUB TOTAL — Pulang Pisau | E22: =SUM(E6:E21) -> 24721 | F22: =SUM(F6:F21) -> 0 | G22: =SUM(G6:G21) -> 9035.2 | H22: =SUM(H6:H21) -> 7744 | I22: =SUM(I6:I21) -> 16779.2 | J22: =SUM(J6:J21) -> 25924913 | K22: =SUM(K6:K21) -> 352 | L22: =SUM(L6:L21) -> 16315860 | ... R22: =SUM(R6:R21) -> 1854075

Sheet HHBK_Potensi
A1: POTENSI HASIL HUTAN BUKAN KAYU (HHBK) — SEMUA UNIT PERHUTANAN SOSIAL
A2: Estimasi berdasarkan: Studi produktivitas KPHP Kalimantan (Dirjen PHPL 2019); Balitbang KLHK; data lapang Yayasan. Nilai konservatif 70% potensi teoritis.
A3: Harga referensi: Rotan Rp 8.000/kg | Gaharu A Rp 2.500.000/kg | Madu Rp 120.000/liter | Jernang Rp 450.000/kg | Tengkawang Rp 15.000/kg | Purun Rp 3.000/kg | Jelutung Rp 18.000/liter | Ikan Rp 35.000/kg
A5: No. | B5: Kabupaten | C5: Skema | D5: Pemegang Izin | E5: Luas (ha) | F5: Jenis Hutan | G5: Rotan (kg/thn) | H5: Gaharu (kg/thn) | I5: Madu Hutan (liter/thn) | J5: Jernang (kg/thn) | K5: Tengkawang (kg/thn) | L5: Purun Tikus (kg/thn) | M5: Jelutung (liter/thn) | N5: Ikan (kg/thn) | O5: Estimasi Nilai Rp/thn | P5: Catatan
A6: 1 | B6: Gunung Mas | C6: HKM | D6: BATU BULAN | E6: 2925 | F6: Mineral | G6: 351000 | H6: 1462.5 | I6: 23400 | J6: 8775 | K6: 43875 | L6: 0 | M6: 0 | N6: 0 | O6: =G6*8000+H6*2500000+I6*120000+J6*450000+K6*15000+L6*3000+M6*18000+N6*35000 -> 13879125000 | P6: Mineral: Rotan+Gaharu+Madu+Jernang+Tengkawang
A7: 2 | B7: Gunung Mas | C7: HKM | D7: HAPAKAT MAHAGA HIMBA | E7: 460 | F7: Mineral | G7: 55200 | H7: 230 | I7: 3680 | J7: 1380 | K7: 6900 | L7: 0 | M7: 0 | N7: 0 | O7: =G7*8000+H7*2500000+I7*120000+J7*450000+K7*15000+L7*3000+M7*18000+N7*35000 -> 2182700000 | P7: Mineral: Rotan+Gaharu+Madu+Jernang+Tengkawang
A8: 3 | B8: Gunung Mas | C8: LPHD | D8: KARATAN SARIAN | E8: 608 | F8: Mineral | G8: 72960 | H8: 304 | I8: 4864 | J8: 1824 | K8: 9120 | L8: 0 | M8: 0 | N8: 0 | O8: =G8*8000+H8*2500000+I8*120000+J8*450000+K8*15000+L8*3000+M8*18000+N8*35000 -> 2884960000 | P8: Mineral: Rotan+Gaharu+Madu+Jernang+Tengkawang
A9: 4 | B9: Gunung Mas | C9: LPHD | D9: RABAMBANG | E9: 440 | F9: Mineral | G9: 52800 | H9: 220 | I9: 3520 | J9: 1320 | K9: 6600 | L9: 0 | M9: 0 | N9: 0 | O9: =G9*8000+H9*2500000+I9*120000+J9*450000+K9*15000+L9*3000+M9*18000+N9*35000 -> 2087800000 | P9: Mineral: Rotan+Gaharu+Madu+Jernang+Tengkawang
A10: 5 | B10: Gunung Mas | C10: LPHD | D10: RANGAN HIRAN | E10: 865 | F10: Mineral | G10: 103800 | H10: 432.5 | I10: 6920 | J10: 2595 | K10: 12975 | L10: 0 | M10: 0 | N10: 0 | O10: =G10*8000+H10*2500000+I10*120000+J10*450000+K10*15000+L10*3000+M10*18000+N10*35000 -> 4104425000 | P10: Mineral: Rotan+Gaharu+Madu+Jernang+Tengkawang
A11: 6 | B11: Gunung Mas | C11: LPHD | D11: LAWANG KANJI | E11: 299 | F11: Mineral | G11: 35880 | H11: 149.5 | I11: 2392 | J11: 897 | K11: 4485 | L11: 0 | M11: 0 | N11: 0 | O11: =G11*8000+H11*2500000+I11*120000+J11*450000+K11*15000+L11*3000+M11*18000+N11*35000 -> 1418755000 | P11: Mineral: Rotan+Gaharu+Madu+Jernang+Tengkawang
A12: 7 | B12: Gunung Mas | C12: LPHD | D12: TUMBANG MARAYA | E12: 334 | F12: Mineral | G12: 40080 | H12: 167 | I12: 2672 | J12: 1002 | K12: 5010 | L12: 0 | M12: 0 | N12: 0 | O12: =G12*8000+H12*2500000+I12*120000+J12*450000+K12*15000+L12*3000+M12*18000+N12*35000 -> 1584830000 | P12: Mineral: Rotan+Gaharu+Madu+Jernang+Tengkawang
A13: 8 | B13: Gunung Mas | C13: HA | D13: DAYAK NGAJU TUMBANG KUAYAN | E13: 1250 | F13: Mineral | G13: 150000 | H13: 625 | I13: 10000 | J13: 3750 | K13: 18750 | L13: 0 | M13: 0 | N13: 0 | O13: =G13*8000+H13*2500000+I13*120000+J13*450000+K13*15000+L13*3000+M13*18000+N13*35000 -> 5931250000 | P13: Mineral: Rotan+Gaharu+Madu+Jernang+Tengkawang
A14: 9 | B14: Gunung Mas | C14: HA | D14: MHA DAYAK OT DANUM LOWU KARETAU RAMBANGUN | E14: 2956 | F14: Mineral | G14: 354720 | H14: 1478 | I14: 23648 | J14: 8868 | K14: 44340 | L14: 0 | M14: 0 | N14: 0 | O14: =G14*8000+H14*2500000+I14*120000+J14*450000+K14*15000+L14*3000+M14*18000+N14*35000 -> 14026220000 | P14: Mineral: Rotan+Gaharu+Madu+Jernang+Tengkawang
A15: 10 | B15: Gunung Mas | C15: HA | D15: MHA DAYAK OT DANUM LOWU TUMBANG ANOI | E15: 2872 | F15: Mineral | G15: 344640 | H15: 1436 | I15: 22976 | J15: 8616 | K15: 43080 | L15: 0 | M15: 0 | N15: 0 | O15: =G15*8000+H15*2500000+I15*120000+J15*450000+K15*15000+L15*3000+M15*18000+N15*35000 -> 13627640000 | P15: Mineral: Rotan+Gaharu+Madu+Jernang+Tengkawang
A16: 11 | B16: Gunung Mas | C16: HA | D16: DAYAK OT DANUM | E16: 3123 | F16: Mineral | G16: 374760 | H16: 1561.5 | I16: 24984 | J16: 9369 | K16: 46845 | L16: 0 | M16: 0 | N16: 0 | O16: =G16*8000+H16*2500000+I16*120000+J16*450000+K16*15000+L16*3000+M16*18000+N16*35000 -> 14818635000 | P16: Mineral: Rotan+Gaharu+Madu+Jernang+Tengkawang
A17: 12 | B17: Gunung Mas | C17: HA | D17: DAYAK NGAJU LEWU TUMBANG HATUNG | E17: 3092 | F17: Mineral | G17: 371040 | H17: 1546 | I17: 24736 | J17: 9276 | K17: 46380 | L17: 0 | M17: 0 | N17: 0 | O17: =G17*8000+H17*2500000+I17*120000+J17*450000+K17*15000+L17*3000+M17*18000+N17*35000 -> 14671540000 | P17: Mineral: Rotan+Gaharu+Madu+Jernang+Tengkawang
... A96: 91 | B96: Pulang Pisau | C96: HKM | D96: MARANG | E96: 3046 | F96: Gambut | G96: 0 | H96: 0 | I96: 15230 | J96: 0 | K96: 0 | L96: 2436800 | M96: 36552 | N96: 121840 | O96: =G96*8000+H96*2500000+I96*120000+J96*450000+K96*15000+L96*3000+M96*18000+N96*35000 -> 14060336000 | P96: Gambut: Purun+Jelutung dominan, potensi ikan rawa
A97: GRAND TOTAL SEMUA UNIT | E97: =SUM(E6:E96) -> 183531.99 | G97: =SUM(G6:G96) -> 10102079 | H97: =SUM(H6:H96) -> 42091.9 | I97: =SUM(I6:I96) -> 1170212 | J97: =SUM(J6:J96) -> 252552 | K97: =SUM(K6:K96) -> 1262759 | L97: =SUM(L6:L96) -> 79478400 | M97: =SUM(M6:M96) -> 1192176 | N97: =SUM(N6:N96) -> 3973920 | O97: =SUM(O6:O96) -> 858043175000
